{"cameraMode":{"drawMode":0,"name":"Shaded","section":"Shading Mode"},"sceneLighting":false,"audioPlay":false,"sceneViewState":{"showFog":true,"showMaterialUpdate":false,"showSkybox":true,"showFlares":true,"showImageEffects":true,"showParticleSystems":true},"in2DMode":false,"pivot":{"x":105.26666259765625,"y":9.299071311950684,"z":235.69332885742188},"rotation":{"x":-0.035547226667404178,"y":-0.5415382981300354,"z":0.022922636941075326,"w":-0.8396183252334595},"size":22.0,"orthographic":false}